cohort_day,sessions,completed,completion_rate,change_vs_previous_observed_day_pp
2026-09-01,36,30,0.8333333333333334,
2026-09-02,23,14,0.6086956521739131,-22.463768115942027
2026-09-03,28,25,0.8928571428571429,28.416149068322984
2026-09-04,34,24,0.7058823529411765,-18.69747899159664
2026-09-05,39,29,0.7435897435897436,3.7707390648567096
2026-09-06,31,20,0.6451612903225806,-9.842845326716299
2026-09-07,47,38,0.8085106382978723,16.334934797529165
2026-09-08,46,37,0.8043478260869565,-0.4162812210915745
2026-09-09,30,23,0.7666666666666667,-3.7681159420289823
2026-09-10,36,25,0.6944444444444444,-7.22222222222223
2026-09-11,38,32,0.8421052631578947,14.766081871345026
2026-09-12,39,28,0.717948717948718,-12.415654520917673
2026-09-13,51,41,0.803921568627451,8.597285067873306
2026-09-14,40,30,0.75,-5.392156862745101
2026-09-15,48,36,0.75,0.0
2026-09-16,36,29,0.8055555555555556,5.555555555555558
2026-09-17,31,28,0.9032258064516129,9.76702508960573
2026-09-18,46,37,0.8043478260869565,-9.887798036465634
2026-09-19,47,37,0.7872340425531915,-1.7113783533765026
2026-09-20,33,28,0.8484848484848485,6.125080593165699
2026-09-21,47,40,0.851063829787234,0.2578981302385541
2026-09-22,48,38,0.7916666666666666,-5.939716312056742
2026-09-23,38,29,0.7631578947368421,-2.8508771929824483
2026-09-24,35,29,0.8285714285714286,6.541353383458648
2026-09-25,10,10,1.0,17.14285714285714
2026-09-26,4,4,1.0,0.0
2026-09-27,9,9,1.0,0.0
2026-09-28,7,7,1.0,0.0
2026-09-29,9,9,1.0,0.0
2026-09-30,11,11,1.0,0.0
2026-10-01,7,7,1.0,0.0
